Datatime, ip
2019-09-01 22:55:15, 192.168.1.100
2019-09-01 22:57:59, 127.0.0.1
2019-09-01 22:58:24, 
2019-09-01 22:58:38, 
2019-09-01 22:58:57, 
2019-09-01 22:59:57, 
2019-09-01 23:00:48, 
2019-09-01 23:11:08, 
2019-09-01 23:16:30, 192.168.0.102 
2019-09-01 23:17:38, 192.168.0.102 
2019-09-01 23:22:01, 192.168.0.102 
2019-09-01 23:23:01, 192.168.0.102 
2019-09-01 23:26:01, 
2019-09-01 23:28:27, 192.168.1.100 
2019-09-01 23:37:19, 
2019-09-01 23:39:34, 
2019-09-01 23:50:15, 
2019-09-01 23:51:57, 
2019-09-01 23:57:17, 192.168.0.102 
2019-09-01 23:58:59, 192.168.0.102 
2019-09-02 00:05:01, 192.168.0.102 
2019-09-02 00:50:01, 192.168.0.102 
2019-09-02 01:00:01, 192.168.0.102 
2019-09-02 01:10:01, 192.168.0.102 
2019-09-02 01:20:01, 192.168.0.102 
2019-09-02 01:30:01, 192.168.0.102 
2019-09-02 01:40:01, 192.168.0.102 
2019-09-02 01:50:02, 192.168.0.102 
2019-09-02 02:00:01, 192.168.0.102 
2019-09-02 02:10:01, 192.168.0.102 
2019-09-02 02:20:01, 192.168.0.102 
2019-09-02 02:30:01, 192.168.0.102 
2019-09-02 02:40:01, 192.168.0.102 
2019-09-02 02:50:01, 192.168.0.102 
2019-09-02 03:00:01, 192.168.0.102 
2019-09-02 03:10:01, 192.168.0.102 
2019-09-02 03:20:01, 192.168.0.102 
2019-09-02 03:30:01, 192.168.0.102 
2019-09-02 03:40:01, 192.168.0.102 
2019-09-02 03:50:01, 192.168.0.102 
2019-09-02 04:00:01, 192.168.0.102 
2019-09-02 04:10:01, 192.168.0.102 
2019-09-02 04:20:01, 192.168.0.102 
2019-09-02 04:30:01, 192.168.0.102 
2019-09-02 04:40:01, 192.168.0.102 
2019-09-02 04:50:01, 192.168.0.102 
2019-09-02 05:00:01, 192.168.0.102 
2019-09-02 05:10:01, 192.168.0.102 
2019-09-02 05:20:01, 192.168.0.102 
2019-09-02 05:30:01, 192.168.0.102 
2019-09-02 05:40:01, 192.168.0.102 
2019-09-02 05:50:01, 192.168.0.102 
2019-09-02 06:00:01, 192.168.0.102 
2019-09-02 06:10:01, 192.168.0.102 
2019-09-02 06:20:01, 192.168.0.102 
2019-09-02 06:30:01, 192.168.0.102 
2019-09-02 06:40:01, 192.168.0.102 
2019-09-02 06:50:01, 192.168.0.102 
2019-09-02 07:00:01, 192.168.0.102 
2019-09-02 07:10:01, 192.168.0.102 
2019-09-02 07:20:01, 192.168.0.102 
2019-09-02 07:30:01, 192.168.0.102 
2019-09-02 07:40:01, 192.168.0.102 
2019-09-02 07:50:01, 192.168.0.102 
2019-09-02 08:00:02, 192.168.0.102 
2019-09-02 08:10:01, 192.168.0.102 
2019-09-02 08:20:01, 192.168.0.102 
2019-09-02 08:30:01, 192.168.0.102 
2019-09-02 08:40:01, 192.168.0.102 
2019-09-02 08:50:01, 192.168.0.102 
2019-09-02 09:00:01, 192.168.0.102 
2019-09-02 09:10:01, 192.168.0.102 
2019-09-02 09:20:01, 192.168.0.102 
2019-09-02 09:30:01, 192.168.0.102 
2019-09-02 09:40:01, 192.168.0.102 
2019-09-02 09:50:01, 192.168.0.102 
2019-09-02 10:00:01, 192.168.0.102 
2019-09-02 10:10:01, 192.168.0.102 
2019-09-02 10:20:01, 192.168.0.102 
2019-09-02 10:30:01, 192.168.0.102 
2019-09-02 10:40:01, 192.168.0.102 
2019-09-02 10:50:01, 192.168.0.102 
2019-09-02 11:00:01, 192.168.0.102 
2019-09-02 11:10:01, 192.168.0.102 
2019-09-02 11:20:01, 192.168.0.102 
2019-09-02 11:30:01, 192.168.0.102 
2019-09-02 11:40:01, 192.168.0.102 
2019-09-02 11:50:01, 192.168.0.102 
2019-09-02 12:00:01, 192.168.0.102 
2019-09-02 12:10:01, 192.168.0.102 
2019-09-02 12:20:01, 192.168.0.102 
2019-09-02 12:30:01, 192.168.0.102 
2019-09-02 12:40:01, 192.168.0.102 
2019-09-02 12:50:02, 192.168.0.102 
2019-09-02 13:00:01, 192.168.0.102 
2019-09-02 13:10:01, 192.168.0.102 
2019-09-02 13:20:01, 192.168.0.102 
2019-09-02 13:30:01, 192.168.0.102 
2019-09-02 13:40:01, 192.168.0.102 
2019-09-02 13:50:01, 192.168.0.102 
2019-09-02 14:00:01, 192.168.0.102 
2019-09-02 14:10:01, 192.168.0.102 
2019-09-02 14:20:02, 192.168.0.102 
2019-09-02 14:30:01, 192.168.0.102 
2019-09-02 14:40:01, 192.168.0.102 
2019-09-02 14:50:01, 192.168.0.102 
2019-09-02 15:00:01, 192.168.0.102 
2019-09-02 15:10:01, 192.168.0.102 
2019-09-02 15:20:01, 192.168.0.102 
2019-09-02 15:30:01, 192.168.0.102 
2019-09-02 15:40:01, 192.168.0.102 
2019-09-02 15:50:01, 192.168.0.102 
2019-09-02 16:00:01, 192.168.0.102 
2019-09-02 16:10:01, 192.168.0.102 
2019-09-02 16:20:01, 192.168.0.102 
2019-09-02 16:30:01, 192.168.0.102 
2019-09-02 16:40:01, 192.168.0.102 
2019-09-02 16:50:01, 192.168.0.102 
2019-09-02 17:00:01, 192.168.0.102 
2019-09-02 17:10:01, 192.168.0.102 
2019-09-02 17:20:01, 192.168.0.102 
2019-09-02 17:30:02, 192.168.0.102 
2019-09-02 17:40:01, 192.168.0.102 
2019-09-02 17:50:01, 192.168.0.102 
2019-09-02 18:00:01, 192.168.0.102 
2019-09-02 18:10:01, 192.168.0.102 
2019-09-02 18:20:01, 192.168.0.102 
2019-09-02 18:30:01, 192.168.0.102 
2019-09-02 18:40:01, 192.168.0.102 
2019-09-02 18:50:01, 192.168.0.102 
2019-09-02 19:00:01, 192.168.0.102 
2019-09-02 19:10:01, 192.168.0.102 
2019-09-02 19:20:01, 192.168.0.102 
2019-09-02 19:30:01, 192.168.0.102 
2019-09-02 19:40:01, 192.168.0.102 
2019-09-02 19:50:02, 192.168.0.102 
2019-09-02 20:00:01, 192.168.0.102 
2019-09-02 20:10:01, 192.168.0.102 
2019-09-02 20:20:01, 192.168.0.102 
2019-09-02 20:30:01, 192.168.0.102 
2019-09-02 20:40:01, 192.168.0.102 
2019-09-02 20:50:01, 192.168.0.102 
2019-09-02 21:00:01, 192.168.0.102 
2019-09-02 21:10:01, 192.168.0.102 
2019-09-02 21:20:01, 192.168.0.102 
2019-09-02 21:30:01, 192.168.0.102 
2019-09-02 21:40:01, 192.168.0.102 
2019-09-02 21:50:02, 192.168.0.102 
2019-09-02 22:00:01, 192.168.0.102 
2019-09-02 22:10:01, 192.168.0.102 
2019-09-02 22:20:01, 192.168.0.102 
2019-09-02 22:30:01, 192.168.0.102 
2019-09-02 22:40:01, 192.168.0.102 
2019-09-02 22:50:01, 192.168.0.102 
2019-09-02 23:00:01, 192.168.0.102 
2019-09-02 23:10:01, 192.168.0.102 
2019-09-02 23:20:01, 192.168.0.102 
2019-09-02 23:30:01, 192.168.0.102 
2019-09-02 23:40:01, 192.168.0.102 
2019-09-02 23:50:01, 192.168.0.102 
2019-09-03 00:00:01, 192.168.0.102 
2019-09-03 00:10:01, 192.168.0.102 
2019-09-03 00:20:01, 192.168.0.102 
2019-09-03 00:30:01, 192.168.0.102 
2019-09-03 00:40:01, 192.168.0.102 
2019-09-03 00:50:01, 192.168.0.102 
2019-09-03 01:00:01, 192.168.0.102 
2019-09-03 01:10:01, 192.168.0.102 
2019-09-03 01:20:01, 192.168.0.102 
2019-09-03 01:30:01, 192.168.0.102 
2019-09-03 01:40:01, 192.168.0.102 
2019-09-03 01:50:01, 192.168.0.102 
2019-09-03 02:00:02, 192.168.0.102 
2019-09-03 02:10:01, 192.168.0.102 
2019-09-03 02:20:01, 192.168.0.102 
2019-09-03 02:30:01, 192.168.0.102 
2019-09-03 02:40:01, 192.168.0.102 
2019-09-03 02:50:01, 192.168.0.102 
2019-09-03 03:00:01, 192.168.0.102 
2019-09-03 03:10:01, 192.168.0.102 
2019-09-03 03:20:01, 192.168.0.102 
2019-09-03 03:30:01, 192.168.0.102 
2019-09-03 03:40:02, 192.168.0.102 
2019-09-03 03:50:01, 192.168.0.102 
2019-09-03 04:00:01, 192.168.0.102 
2019-09-03 04:10:02, 192.168.0.102 
2019-09-03 04:20:01, 192.168.0.102 
2019-09-03 04:30:01, 192.168.0.102 
2019-09-03 04:40:01, 192.168.0.102 
2019-09-03 04:50:01, 192.168.0.102 
2019-09-03 05:00:01, 192.168.0.102 
2019-09-03 05:10:01, 192.168.0.102 
2019-09-03 05:20:01, 192.168.0.102 
2019-09-03 05:30:01, 192.168.0.102 
2019-09-03 05:40:01, 192.168.0.102 
2019-09-03 05:50:01, 192.168.0.102 
2019-09-03 06:00:02, 192.168.0.102 
2019-09-03 06:10:01, 192.168.0.102 
2019-09-03 06:20:02, 192.168.0.102 
2019-09-03 06:30:01, 192.168.0.102 
2019-09-03 06:40:01, 192.168.0.102 
2019-09-03 06:50:02, 192.168.0.102 
2019-09-03 07:00:02, 192.168.0.102 
2019-09-03 07:10:01, 192.168.0.102 
2019-09-03 07:20:01, 192.168.0.102 
2019-09-03 07:30:01, 192.168.0.102 
2019-09-03 07:40:01, 192.168.0.102 
2019-09-03 07:50:01, 192.168.0.102 
2019-09-03 08:00:01, 192.168.0.102 
2019-09-03 08:10:01, 192.168.0.102 
2019-09-03 08:20:01, 192.168.0.102 
2019-09-03 08:30:01, 192.168.0.102 
2019-09-03 08:40:01, 192.168.0.102 
2019-09-03 08:50:01, 192.168.0.102 
2019-09-03 09:00:02, 192.168.0.102 
2019-09-03 09:10:01, 192.168.0.102 
2019-09-03 09:20:01, 192.168.0.102 
2019-09-03 09:30:01, 192.168.0.102 
2019-09-03 09:40:01, 192.168.0.102 
2019-09-03 09:50:01, 192.168.0.102 
2019-09-03 10:00:01, 192.168.0.102 
2019-09-03 10:10:01, 192.168.0.102 
2019-09-03 10:20:01, 192.168.0.102 
2019-09-03 10:30:02, 192.168.0.102 
2019-09-03 10:40:01, 192.168.0.102 
2019-09-03 10:50:01, 192.168.0.102 
2019-09-03 11:00:01, 192.168.0.102 
2019-09-03 11:10:01, 192.168.0.102 
2019-09-03 11:20:01, 192.168.0.102 
2019-09-03 11:30:01, 192.168.0.102 
2019-09-03 11:40:01, 192.168.0.102 
2019-09-03 11:50:01, 192.168.0.102 
2019-09-03 12:00:01, 192.168.0.102 
2019-09-03 12:10:01, 192.168.0.102 
2019-09-03 12:20:01, 192.168.0.102 
2019-09-03 12:30:01, 192.168.0.102 
2019-09-03 12:40:01, 192.168.0.102 
2019-09-03 12:50:01, 192.168.0.102 
2019-09-03 13:00:01, 192.168.0.102 
2019-09-03 13:10:01, 192.168.0.102 
2019-09-03 13:20:01, 192.168.0.102 
2019-09-03 13:30:01, 192.168.0.102 
2019-09-03 13:40:01, 192.168.0.102 
2019-09-03 13:50:02, 192.168.0.102 
2019-09-03 14:00:01, 192.168.0.102 
2019-09-03 14:10:01, 192.168.0.102 
2019-09-03 14:20:01, 192.168.0.102 
2019-09-03 14:30:01, 192.168.0.102 
2019-09-03 14:40:01, 192.168.0.102 
2019-09-03 14:50:01, 192.168.0.102 
2019-09-03 15:00:01, 192.168.0.102 
2019-09-03 15:10:01, 192.168.0.102 
2019-09-03 15:20:01, 192.168.0.102 
2019-09-03 15:30:01, 192.168.0.102 
2019-09-03 15:40:01, 192.168.0.102 
2019-09-03 15:50:01, 192.168.0.102 
2019-09-03 16:00:01, 192.168.0.102 
2019-09-03 16:10:01, 192.168.0.102 
2019-09-03 16:20:01, 192.168.0.102 
2019-09-03 16:30:01, 192.168.0.102 
2019-09-03 16:40:01, 192.168.0.102 
2019-09-03 16:50:01, 192.168.0.102 
2019-09-03 17:00:01, 192.168.0.102 
2019-09-03 17:10:01, 192.168.0.102 
2019-09-03 17:20:01, 192.168.0.102 
2019-09-03 17:30:01, 192.168.0.102 
2019-09-03 17:40:01, 192.168.0.102 
2019-09-03 17:50:01, 192.168.0.102 
2019-09-03 18:00:01, 192.168.0.102 
2019-09-03 18:10:01, 192.168.0.102 
2019-09-03 18:21:06, 192.168.0.102 
2019-09-03 18:32:12, 192.168.0.102 
2019-09-03 18:42:30, 192.168.0.102 
2019-09-03 18:18:46, 
2019-09-03 18:50:20, 192.168.0.102 
2019-09-03 18:50:19, 
2019-09-03 19:00:01, 192.168.0.102 
2019-09-03 19:00:11, 
2019-09-03 19:10:02, 192.168.0.102 
2019-09-03 19:22:53, 192.168.0.102 
2019-09-03 19:32:04, 192.168.0.102 
2019-09-03 19:40:02, 192.168.0.102 
2019-09-03 19:51:03, 192.168.0.102 
2019-09-03 20:00:36, 192.168.0.102 
2019-09-03 20:11:48, 192.168.0.102 
2019-09-03 20:21:46, 192.168.0.102 
2019-09-03 20:31:01, 192.168.0.102 
2019-09-03 20:41:25, 192.168.0.102 
2019-09-03 20:50:40, 192.168.0.102 
2019-09-03 21:01:44, 192.168.0.102 
2019-09-03 21:10:41, 192.168.0.102 
2019-09-03 21:21:31, 192.168.0.102 
2019-09-03 21:31:53, 192.168.0.102 
2019-09-03 21:43:56, 192.168.0.102 
2019-09-03 21:50:38, 192.168.0.102 
2019-09-03 22:00:29, 192.168.0.102 
2019-09-03 22:10:38, 192.168.0.102 
2019-09-03 22:20:43, 192.168.0.102 
2019-09-03 22:30:34, 192.168.0.102 
2019-09-03 22:40:49, 192.168.0.102 
2019-09-03 22:50:46, 192.168.0.102 
2019-09-03 23:01:26, 192.168.0.102 
2019-09-03 23:10:42, 192.168.0.102 
2019-09-03 23:20:59, 192.168.0.102 
2019-09-03 23:33:37, 192.168.0.102 
2019-09-03 23:42:23, 192.168.0.102 
2019-09-03 23:56:37, 192.168.0.102 
2019-09-04 00:07:49, 192.168.0.102 
2019-09-04 00:13:03, 192.168.0.102 
2019-09-04 00:24:33, 192.168.0.102 
2019-09-04 00:32:19, 192.168.0.102 
2019-09-04 00:41:47, 192.168.0.102 
2019-09-04 00:57:38, 192.168.0.102 
2019-09-04 01:07:14, 192.168.0.102 
2019-09-04 01:12:28, 192.168.0.102 
2019-09-04 01:23:34, 192.168.0.102 
2019-09-04 01:32:16, 192.168.0.102 
2019-09-04 01:43:53, 192.168.0.102 
2019-09-04 01:59:56, 192.168.0.102 
2019-09-04 02:29:09, 192.168.0.102 
2019-09-04 02:38:29, 192.168.0.102 
2019-09-04 02:42:42, 192.168.0.102 
2019-09-04 02:52:13, 192.168.0.102 
2019-09-04 03:15:38, 192.168.0.102 
2019-09-04 03:22:40, 192.168.0.102 
2019-09-04 03:32:24, 192.168.0.102 
2019-09-04 03:48:01, 192.168.0.102 
2019-09-04 03:51:50, 192.168.0.102 
2019-09-04 04:07:54, 192.168.0.102 
2019-09-04 04:10:45, 192.168.0.102 
2019-09-04 04:20:54, 192.168.0.102 
2019-09-04 04:30:38, 192.168.0.102 
2019-09-04 04:42:14, 192.168.0.102 
2019-09-04 04:52:34, 192.168.0.102 
2019-09-04 05:03:30, 192.168.0.102 
2019-09-04 05:11:18, 192.168.0.102 
2019-09-04 05:22:08, 192.168.0.102 
2019-09-04 05:33:08, 192.168.0.102 
2019-09-04 05:43:42, 192.168.0.102 
2019-09-04 05:51:32, 192.168.0.102 
2019-09-04 06:02:35, 192.168.0.102 
2019-09-04 06:11:04, 192.168.0.102 
2019-09-04 06:21:06, 192.168.0.102 
2019-09-04 06:31:18, 192.168.0.102 
2019-09-04 06:42:08, 192.168.0.102 
2019-09-04 06:51:53, 192.168.0.102 
2019-09-04 07:00:38, 192.168.0.102 
2019-09-04 07:12:47, 192.168.0.102 
2019-09-04 07:21:22, 192.168.0.102 
2019-09-04 07:33:27, 192.168.0.102 
2019-09-04 07:42:16, 192.168.0.102 
2019-09-04 07:51:37, 192.168.0.102 
2019-09-04 08:10:31, 192.168.0.102 
2019-09-04 08:10:56, 192.168.0.102 
2019-09-04 08:22:14, 192.168.0.102 
2019-09-04 08:36:53, 192.168.0.102 
2019-09-04 08:41:42, 192.168.0.102 
2019-09-04 08:53:44, 192.168.0.102 
2019-09-04 09:06:30, 192.168.0.102 
2019-09-04 09:20:27, 192.168.0.102 
2019-09-04 09:22:50, 192.168.0.102 
2019-09-04 09:33:17, 192.168.0.102 
2019-09-04 09:43:15, 192.168.0.102 
2019-09-04 09:56:00, 192.168.0.102 
2019-09-04 10:00:48, 192.168.0.102 
2019-09-04 10:19:12, 192.168.0.102 
2019-09-04 10:20:57, 192.168.0.102 
2019-09-04 10:31:17, 192.168.0.102 
2019-09-04 10:40:54, 192.168.0.102 
2019-09-04 10:53:49, 192.168.0.102 
2019-09-04 11:05:43, 192.168.0.102 
2019-09-04 11:23:24, 192.168.0.102 
2019-09-04 11:32:48, 192.168.0.102 
2019-09-04 11:51:54, 192.168.0.102 
2019-09-04 11:51:40, 192.168.0.102 
2019-09-04 12:02:41, 192.168.0.102 
2019-09-04 12:14:13, 192.168.0.102 
2019-09-04 12:23:04, 192.168.0.102 
2019-09-04 12:34:35, 192.168.0.102 
2019-09-04 12:44:07, 192.168.0.102 
2019-09-04 12:51:07, 192.168.0.102 
2019-09-04 13:01:48, 192.168.0.102 
2019-09-04 13:12:06, 192.168.0.102 
2019-09-04 13:27:56, 192.168.0.102 
2019-09-04 13:34:01, 192.168.0.102 
2019-09-04 14:01:05, 192.168.0.102 
2019-09-04 14:01:23, 192.168.0.102 
2019-09-04 14:12:13, 192.168.0.102 
2019-09-04 14:32:23, 192.168.0.102 
2019-09-04 14:32:53, 192.168.0.102 
2019-09-04 14:42:56, 192.168.0.102 
2019-09-04 15:01:55, 192.168.0.102 
2019-09-04 15:02:13, 192.168.0.102 
2019-09-04 15:12:13, 192.168.0.102 
2019-09-04 15:22:59, 192.168.0.102 
2019-09-04 15:32:40, 192.168.0.102 
2019-09-04 15:45:20, 192.168.0.102 
2019-09-04 15:54:28, 192.168.0.102 
2019-09-04 16:09:33, 192.168.0.102 
2019-09-04 16:25:03, 192.168.0.102 
2019-09-04 16:27:10, 192.168.0.102 
2019-09-04 16:30:44, 192.168.0.102 
2019-09-04 16:40:49, 192.168.0.102 
2019-09-04 16:56:43, 192.168.0.102 
2019-09-04 17:07:05, 192.168.0.102 
2019-09-04 17:16:36, 192.168.0.102 
2019-09-04 17:26:55, 192.168.0.102 
2019-09-04 17:36:56, 192.168.0.102 
2019-09-04 17:40:55, 192.168.0.102 
2019-09-04 17:52:26, 192.168.0.102 
2019-09-04 18:06:20, 192.168.0.102 
2019-09-04 18:13:10, 192.168.0.102 
2019-09-04 18:24:05, 192.168.0.102 
2019-09-04 18:36:55, 192.168.0.102 
2019-09-04 18:42:43, 192.168.0.102 
2019-09-04 18:55:30, 192.168.0.102 
2019-09-04 19:09:58, 192.168.0.102 
2019-09-04 19:21:15, 192.168.0.102 
2019-09-04 19:36:01, 192.168.0.102 
2019-09-04 19:36:33, 192.168.0.102 
2019-09-04 19:40:46, 192.168.0.102 
2019-09-04 19:56:42, 192.168.0.102 
2019-09-04 20:03:03, 192.168.0.102 
2019-09-04 20:10:54, 192.168.0.102 
2019-09-04 20:20:57, 192.168.0.102 
2019-09-04 20:35:14, 192.168.0.102 
2019-09-04 20:47:51, 192.168.0.102 
2019-09-04 20:53:17, 192.168.0.102 
2019-09-04 21:02:48, 192.168.0.102 
2019-09-04 21:14:56, 192.168.0.102 
2019-09-04 21:22:35, 192.168.0.102 
2019-09-04 21:33:01, 192.168.0.102 
2019-09-04 21:41:09, 192.168.0.102 
2019-09-04 21:54:06, 192.168.0.102 
2019-09-04 22:10:20, 192.168.0.102 
2019-09-04 22:13:07, 192.168.0.102 
2019-09-04 22:26:08, 192.168.0.102 
2019-09-04 22:34:52, 192.168.0.102 
2019-09-04 22:47:17, 192.168.0.102 
2019-09-04 22:50:47, 192.168.0.102 
2019-09-04 23:02:52, 192.168.0.102 
2019-09-04 23:14:15, 192.168.0.102 
2019-09-04 23:24:24, 192.168.0.102 
2019-09-04 23:36:12, 192.168.0.102 
2019-09-04 23:42:03, 192.168.0.102 
2019-09-04 23:54:52, 192.168.0.102 
2019-09-05 00:07:25, 192.168.0.102 
2019-09-05 00:11:19, 192.168.0.102 
2019-09-05 00:21:09, 192.168.0.102 
2019-09-05 00:32:11, 192.168.0.102 
2019-09-05 00:46:41, 192.168.0.102 
2019-09-05 00:51:36, 192.168.0.102 
2019-09-05 01:08:46, 192.168.0.102 
2019-09-05 01:13:36, 192.168.0.102 
2019-09-05 01:20:49, 192.168.0.102 
2019-09-05 01:39:53, 192.168.0.102 
2019-09-05 01:49:03, 192.168.0.102 
2019-09-05 01:54:14, 192.168.0.102 
2019-09-05 02:04:35, 192.168.0.102 
2019-09-05 02:19:34, 192.168.0.102 
2019-09-05 02:22:50, 192.168.0.102 
2019-09-05 02:34:04, 192.168.0.102 
2019-09-05 02:44:28, 192.168.0.102 
2019-09-05 02:51:24, 192.168.0.102 
2019-09-05 03:29:28, 192.168.0.102 
2019-09-05 03:39:46, 192.168.0.102 
2019-09-05 03:40:22, 192.168.0.102 
2019-09-05 03:52:41, 192.168.0.102 
2019-09-05 04:02:09, 192.168.0.102 
2019-09-05 04:23:58, 192.168.0.102 
2019-09-05 04:24:32, 192.168.0.102 
2019-09-05 04:44:24, 192.168.0.102 
2019-09-05 04:55:24, 192.168.0.102 
2019-09-05 05:01:35, 192.168.0.102 
2019-09-05 05:11:55, 192.168.0.102 
2019-09-05 05:26:04, 192.168.0.102 
2019-09-05 05:36:16, 192.168.0.102 
2019-09-05 05:40:40, 192.168.0.102 
2019-09-05 05:53:00, 192.168.0.102 
2019-09-05 06:01:37, 192.168.0.102 
2019-09-05 06:11:57, 192.168.0.102 
2019-09-05 06:23:20, 192.168.0.102 
2019-09-05 06:35:47, 192.168.0.102 
2019-09-05 06:48:25, 192.168.0.102 
2019-09-05 06:51:34, 192.168.0.102 
2019-09-05 07:03:53, 192.168.0.102 
2019-09-05 07:10:31, 192.168.0.102 
2019-09-05 07:21:45, 192.168.0.102 
2019-09-05 07:37:36, 192.168.0.102 
2019-09-05 07:41:23, 192.168.0.102 
2019-09-05 08:03:27, 192.168.0.102 
2019-09-05 08:04:51, 192.168.0.102 
2019-09-05 08:12:51, 192.168.0.102 
2019-09-05 08:33:56, 192.168.0.102 
2019-09-05 08:42:42, 192.168.0.102 
2019-09-05 08:56:33, 192.168.0.102 
2019-09-05 09:00:48, 192.168.0.102 
2019-09-05 09:15:54, 192.168.0.102 
2019-09-05 09:22:59, 192.168.0.102 
2019-09-05 09:32:56, 192.168.0.102 
2019-09-05 09:51:21, 192.168.0.102 
2019-09-05 09:55:41, 192.168.0.102 
2019-09-05 10:03:06, 192.168.0.102 
2019-09-05 10:12:35, 192.168.0.102 
2019-09-05 10:22:29, 192.168.0.102 
2019-09-05 10:40:27, 192.168.0.102 
2019-09-05 10:42:33, 192.168.0.102 
2019-09-05 10:54:17, 192.168.0.102 
2019-09-05 11:06:30, 192.168.0.102 
2019-09-05 11:11:33, 192.168.0.102 
2019-09-05 11:21:44, 192.168.0.102 
2019-09-05 11:30:58, 192.168.0.102 
2019-09-05 11:41:23, 192.168.0.102 
2019-09-05 11:56:31, 192.168.0.102 
2019-09-05 12:01:22, 192.168.0.102 
2019-09-05 12:12:36, 192.168.0.102 
2019-09-05 12:23:04, 192.168.0.102 
2019-09-05 12:39:11, 192.168.0.102 
2019-09-05 12:41:36, 192.168.0.102 
2019-09-05 13:01:47, 192.168.0.102 
2019-09-05 13:05:07, 192.168.0.102 
2019-09-05 13:16:40, 192.168.0.102 
2019-09-05 13:23:44, 192.168.0.102 
2019-09-05 13:34:59, 192.168.0.102 
2019-09-05 13:42:53, 192.168.0.102 
2019-09-05 13:58:52, 192.168.0.102 
2019-09-05 14:01:52, 192.168.0.102 
2019-09-05 14:17:08, 192.168.0.102 
2019-09-05 14:20:56, 192.168.0.102 
2019-09-05 14:31:56, 192.168.0.102 
2019-09-05 14:42:09, 192.168.0.102 
2019-09-05 14:51:57, 192.168.0.102 
2019-09-05 15:02:11, 192.168.0.102 
2019-09-05 15:11:14, 192.168.0.102 
2019-09-05 15:34:45, 192.168.0.102 
2019-09-05 15:47:26, 192.168.0.102 
2019-09-05 15:52:02, 192.168.0.102 
2019-09-05 16:10:04, 192.168.0.102 
2019-09-05 16:10:52, 192.168.0.102 
2019-09-05 16:22:35, 192.168.0.102 
2019-09-05 16:35:50, 192.168.0.102 
2019-09-05 16:47:51, 192.168.0.102 
2019-09-05 17:05:50, 192.168.0.102 
2019-09-05 17:19:47, 192.168.0.102 
2019-09-05 17:27:11, 192.168.0.102 
2019-09-05 17:30:35, 192.168.0.102 
2019-09-05 17:41:29, 192.168.0.102 
2019-09-05 17:54:43, 192.168.0.102 
2019-09-05 18:02:30, 192.168.0.102 
2019-09-05 18:15:42, 192.168.0.102 
2019-09-05 18:23:01, 192.168.0.102 
2019-09-05 18:31:38, 192.168.0.102 
2019-09-05 18:49:55, 192.168.0.102 
2019-09-05 18:52:27, 192.168.0.102 
2019-09-05 19:06:18, 192.168.0.102 
2019-09-05 19:15:03, 192.168.0.102 
2019-09-05 19:24:27, 192.168.0.102 
2019-09-05 19:33:29, 192.168.0.102 
2019-09-05 19:43:44, 192.168.0.102 
2019-09-05 19:51:18, 192.168.0.102 
2019-09-05 20:06:44, 192.168.0.102 
2019-09-05 20:13:07, 192.168.0.102 
2019-09-05 20:41:03, 192.168.0.102 
2019-09-05 20:43:38, 192.168.0.102 
2019-09-05 20:53:07, 192.168.0.102 
2019-09-05 21:01:10, 192.168.0.102 
2019-09-05 21:12:28, 192.168.0.102 
2019-09-05 21:23:01, 192.168.0.102 
2019-09-05 21:37:01, 192.168.0.102 
2019-09-05 21:43:11, 192.168.0.102 
2019-09-05 21:51:58, 192.168.0.102 
2019-09-05 22:13:54, 192.168.0.102 
2019-09-05 22:23:47, 192.168.0.102 
2019-09-05 22:32:03, 192.168.0.102 
2019-09-05 22:42:21, 192.168.0.102 
2019-09-05 22:55:51, 192.168.0.102 
2019-09-05 23:07:49, 192.168.0.102 
2019-09-05 23:13:26, 192.168.0.102 
2019-09-05 23:22:01, 192.168.0.102 
2019-09-05 23:42:15, 192.168.0.102 
2019-09-05 23:42:55, 192.168.0.102 
2019-09-05 23:54:13, 192.168.0.102 
2019-09-06 00:02:59, 192.168.0.102 
2019-09-06 00:18:46, 192.168.0.102 
2019-09-06 00:25:59, 192.168.0.102 
2019-09-06 00:47:48, 192.168.0.102 
2019-09-06 00:56:44, 192.168.0.102 
2019-09-06 01:03:11, 192.168.0.102 
2019-09-06 01:14:39, 192.168.0.102 
2019-09-06 01:26:57, 192.168.0.102 
2019-09-06 01:33:04, 192.168.0.102 
2019-09-06 01:43:52, 192.168.0.102 
2019-09-06 01:57:52, 192.168.0.102 
2019-09-06 02:09:49, 192.168.0.102 
2019-09-06 02:13:04, 192.168.0.102 
2019-09-06 02:23:49, 192.168.0.102 
2019-09-06 02:36:21, 192.168.0.102 
2019-09-06 02:57:42, 192.168.0.102 
2019-09-06 03:03:25, 192.168.0.102 
2019-09-06 03:33:17, 192.168.0.102 
2019-09-06 03:42:10, 192.168.0.102 
2019-09-06 03:56:56, 192.168.0.102 
2019-09-06 04:02:19, 192.168.0.102 
2019-09-06 04:21:39, 192.168.0.102 
2019-09-06 04:37:21, 192.168.0.102 
2019-09-06 04:43:13, 192.168.0.102 
2019-09-06 05:01:44, 192.168.0.102 
2019-09-06 05:24:48, 192.168.0.102 
2019-09-06 05:31:42, 192.168.0.102 
2019-09-06 05:44:07, 192.168.0.102 
2019-09-06 05:52:39, 192.168.0.102 
2019-09-06 06:02:50, 192.168.0.102 
2019-09-06 06:13:16, 192.168.0.102 
2019-09-06 06:22:55, 192.168.0.102 
2019-09-06 06:34:02, 192.168.0.102 
2019-09-06 06:43:41, 192.168.0.102 
2019-09-06 06:56:49, 192.168.0.102 
2019-09-06 07:10:30, 192.168.0.102 
2019-09-06 07:14:53, 192.168.0.102 
2019-09-06 07:22:01, 192.168.0.102 
2019-09-06 07:34:33, 192.168.0.102 
2019-09-06 07:44:11, 192.168.0.102 
2019-09-06 07:53:45, 192.168.0.102 
2019-09-06 08:06:36, 192.168.0.102 
2019-09-06 08:12:23, 192.168.0.102 
2019-09-06 08:24:00, 192.168.0.102 
2019-09-06 08:34:58, 192.168.0.102 
2019-09-06 08:45:35, 192.168.0.102 
2019-09-06 08:54:22, 192.168.0.102 
2019-09-06 09:06:54, 192.168.0.102 
2019-09-06 09:15:37, 192.168.0.102 
2019-09-06 09:22:49, 192.168.0.102 
2019-09-06 09:32:13, 192.168.0.102 
2019-09-06 09:46:14, 192.168.0.102 
2019-09-06 09:52:52, 192.168.0.102 
2019-09-06 10:08:38, 192.168.0.102 
2019-09-06 10:13:17, 192.168.0.102 
2019-09-06 10:25:06, 192.168.0.102 
2019-09-06 10:31:37, 192.168.0.102 
2019-09-06 10:40:54, 192.168.0.102 
2019-09-06 10:52:33, 192.168.0.102 
2019-09-06 11:04:46, 192.168.0.102 
2019-09-06 11:17:31, 192.168.0.102 
2019-09-06 11:26:38, 192.168.0.102 
2019-09-06 11:31:15, 192.168.0.102 
2019-09-06 11:49:58, 192.168.0.102 
2019-09-06 11:56:19, 192.168.0.102 
2019-09-06 12:07:08, 192.168.0.102 
2019-09-06 12:17:16, 192.168.0.102 
2019-09-06 12:23:07, 192.168.0.102 
2019-09-06 12:36:58, 192.168.0.102 
2019-09-06 12:42:08, 192.168.0.102 
2019-09-06 12:56:17, 192.168.0.102 
2019-09-06 13:01:37, 192.168.0.102 
2019-09-06 13:13:58, 192.168.0.102 
2019-09-06 13:24:52, 192.168.0.102 
2019-09-06 13:32:44, 192.168.0.102 
2019-09-06 13:45:22, 192.168.0.102 
2019-09-06 13:56:50, 192.168.0.102 
2019-09-06 14:07:19, 192.168.0.102 
2019-09-06 14:11:55, 192.168.0.102 
2019-09-06 14:24:17, 192.168.0.102 
2019-09-06 14:38:27, 192.168.0.102 
2019-09-06 14:41:49, 192.168.0.102 
2019-09-06 14:53:12, 192.168.0.102 
2019-09-06 15:05:42, 192.168.0.102 
2019-09-06 15:12:58, 192.168.0.102 
2019-09-06 15:25:07, 192.168.0.102 
2019-09-06 19:04:41, 192.168.0.102 
2019-09-06 19:10:40, 192.168.0.102 
2019-09-06 19:21:04, 192.168.0.102 
2019-09-06 19:30:50, 192.168.0.102 
2019-09-06 19:40:32, 192.168.0.102 
2019-09-06 19:50:51, 192.168.0.102 
2019-09-06 20:00:40, 192.168.0.102 
2019-09-06 20:10:47, 192.168.0.102 
2019-09-06 20:20:36, 192.168.0.102 
2019-09-06 20:30:56, 192.168.0.102 
2019-09-06 20:41:09, 192.168.0.102 
2019-09-06 20:51:14, 192.168.0.102 
2019-09-06 21:02:04, 192.168.0.102 
2019-09-06 21:12:04, 192.168.0.102 
2019-09-06 21:26:00, 192.168.0.102 
2019-09-06 21:47:28, 192.168.0.102 
2019-09-06 22:09:09, 192.168.0.102 
2019-09-06 22:14:38, 192.168.0.102 
2019-09-06 22:27:10, 192.168.0.102 
2019-09-06 22:32:59, 192.168.0.102 
2019-09-06 22:42:51, 192.168.0.102 
2019-09-07 02:25:52, 192.168.0.102 
2019-09-07 02:25:52, 192.168.0.102 
2019-09-07 02:25:52, 192.168.0.102 
2019-09-07 02:25:52, 192.168.0.102 
2019-09-07 02:25:52, 192.168.0.102 
2019-09-07 02:25:52, 192.168.0.102 
2019-09-07 02:25:52, 192.168.0.102 
2019-09-07 02:25:52, 192.168.0.102 
2019-09-07 02:25:52, 192.168.0.102 
2019-09-07 02:25:52, 192.168.0.102 
2019-09-07 02:25:52, 192.168.0.102 
2019-09-07 02:25:52, 192.168.0.102 
2019-09-07 02:25:52, 192.168.0.102 
2019-09-07 02:25:52, 192.168.0.102 
2019-09-07 02:25:52, 192.168.0.102 
2019-09-07 02:25:52, 192.168.0.102 
2019-09-07 02:25:52, 192.168.0.102 
2019-09-07 02:25:52, 192.168.0.102 
2019-09-07 02:25:52, 192.168.0.102 
2019-09-07 02:25:52, 192.168.0.102 
2019-09-07 02:25:52, 192.168.0.102 
2019-09-07 02:25:52, 192.168.0.102 
2019-09-07 02:25:52, 192.168.0.102 
2019-09-07 02:30:48, 192.168.0.102 
2019-09-07 02:41:40, 192.168.0.102 
2019-09-07 02:50:45, 192.168.0.102 
2019-09-07 03:01:26, 192.168.0.102 
2019-09-07 03:10:36, 192.168.0.102 
2019-09-07 03:20:41, 192.168.0.102 
2019-09-07 03:30:38, 192.168.0.102 
2019-09-07 03:40:28, 192.168.0.102 
2019-09-07 03:50:57, 192.168.0.102 
2019-09-07 04:00:54, 192.168.0.102 
2019-09-07 04:12:26, 192.168.0.102 
2019-09-07 04:20:53, 192.168.0.102 
2019-09-07 04:30:40, 192.168.0.102 
2019-09-07 04:40:34, 192.168.0.102 
2019-09-07 04:51:30, 192.168.0.102 
2019-09-07 05:01:24, 192.168.0.102 
2019-09-07 05:11:32, 192.168.0.102 
2019-09-07 05:21:11, 192.168.0.102 
2019-09-07 05:30:39, 192.168.0.102 
2019-09-07 05:46:27, 192.168.0.102 
2019-09-07 05:55:38, 192.168.0.102 
2019-09-07 06:07:54, 192.168.0.102 
2019-09-07 06:20:01, 192.168.0.102 
2019-09-07 06:25:37, 192.168.0.102 
2019-09-07 06:37:30, 192.168.0.102 
2019-09-07 06:44:14, 192.168.0.102 
2019-09-07 06:56:11, 192.168.0.102 
2019-09-07 07:06:18, 192.168.0.102 
2019-09-07 07:20:06, 192.168.0.102 
2019-09-07 07:27:01, 192.168.0.102 
2019-09-07 07:38:30, 192.168.0.102 
2019-09-07 07:55:30, 192.168.0.102 
2019-09-07 08:05:22, 192.168.0.102 
2019-09-07 08:16:42, 192.168.0.102 
2019-09-07 12:13:12, 192.168.0.102 
2019-09-07 12:13:12, 192.168.0.102 
2019-09-07 12:13:12, 192.168.0.102 
2019-09-07 12:13:12, 192.168.0.102 
2019-09-07 12:13:12, 192.168.0.102 
2019-09-07 12:13:12, 192.168.0.102 
2019-09-07 12:13:12, 192.168.0.102 
2019-09-07 12:13:12, 192.168.0.102 
2019-09-07 12:13:12, 192.168.0.102 
2019-09-07 12:13:12, 192.168.0.102 
2019-09-07 12:13:12, 192.168.0.102 
2019-09-07 12:13:12, 192.168.0.102 
2019-09-07 12:13:12, 192.168.0.102 
2019-09-07 12:13:12, 192.168.0.102 
2019-09-07 12:13:12, 192.168.0.102 
2019-09-07 12:13:12, 192.168.0.102 
2019-09-07 12:13:12, 192.168.0.102 
2019-09-07 12:13:12, 192.168.0.102 
2019-09-07 12:13:12, 192.168.0.102 
2019-09-07 12:13:12, 192.168.0.102 
2019-09-07 12:13:12, 192.168.0.102 
2019-09-07 12:13:12, 192.168.0.102 
2019-09-07 12:13:12, 192.168.0.102 
2019-09-07 12:13:12, 192.168.0.102 
2019-09-07 11:36:26, 192.168.0.102 
2019-09-07 12:20:04, 192.168.0.102 
2019-09-07 12:30:13, 192.168.0.102 
2019-09-07 12:41:36, 192.168.0.102 
2019-09-07 12:50:08, 192.168.0.102 
2019-09-07 13:00:50, 192.168.0.102 
2019-09-07 13:10:55, 192.168.0.102 
2019-09-07 13:20:48, 192.168.0.102 
2019-09-07 13:31:42, 192.168.0.102 
2019-09-07 13:42:26, 192.168.0.102 
2019-09-07 14:09:26, 192.168.0.102 
2019-09-07 14:10:55, 192.168.0.102 
2019-09-07 14:21:06, 192.168.0.102 
2019-09-07 14:31:08, 192.168.0.102 
2019-09-07 14:41:01, 192.168.0.102 
2019-09-07 14:50:56, 192.168.0.102 
2019-09-07 15:02:04, 192.168.0.102 
2019-09-07 15:11:33, 192.168.0.102 
2019-09-07 15:20:53, 192.168.0.102 
2019-09-07 15:36:50, 192.168.0.102 
2019-09-07 15:46:45, 192.168.0.102 
2019-09-07 16:04:20, 192.168.0.102 
2019-09-07 16:15:14, 192.168.0.102 
2019-09-07 16:23:59, 192.168.0.102 
2019-09-07 16:32:35, 192.168.0.102 
2019-09-07 16:48:30, 192.168.0.102 
2019-09-07 21:12:14, 192.168.0.102 
2019-09-07 21:12:14, 192.168.0.102 
2019-09-07 21:12:14, 192.168.0.102 
2019-09-07 21:12:14, 192.168.0.102 
2019-09-07 21:12:14, 192.168.0.102 
2019-09-07 21:12:14, 192.168.0.102 
2019-09-07 21:12:14, 192.168.0.102 
2019-09-07 21:03:01, 192.168.0.102 
2019-09-07 21:03:01, 192.168.0.102 
2019-09-07 21:03:01, 192.168.0.102 
2019-09-07 21:03:01, 192.168.0.102 
2019-09-07 21:03:01, 192.168.0.102 
2019-09-07 21:12:14, 192.168.0.102 
2019-09-07 21:12:14, 192.168.0.102 
2019-09-07 21:12:14, 192.168.0.102 
2019-09-07 21:12:14, 192.168.0.102 
2019-09-07 21:12:14, 192.168.0.102 
2019-09-07 21:12:14, 192.168.0.102 
2019-09-07 21:12:14, 192.168.0.102 
2019-09-07 21:12:14, 192.168.0.102 
2019-09-07 21:12:14, 192.168.0.102 
2019-09-07 21:12:14, 192.168.0.102 
2019-09-07 21:12:14, 192.168.0.102 
2019-09-07 21:12:14, 192.168.0.102 
2019-09-07 21:03:01, 192.168.0.102 
2019-09-07 21:12:14, 192.168.0.102 
2019-09-07 21:12:14, 192.168.0.102 
2019-09-07 21:21:03, 192.168.0.102 
2019-09-07 21:30:39, 192.168.0.102 
2019-09-07 21:40:18, 192.168.0.102 
2019-09-07 21:54:54, 192.168.0.102 
2019-09-07 22:01:04, 192.168.0.102 
2019-09-07 22:10:42, 192.168.0.102 
2019-09-07 22:20:48, 192.168.0.102 
2019-09-07 22:31:28, 192.168.0.102 
2019-09-07 22:41:06, 192.168.0.102 
2019-09-07 22:51:12, 192.168.0.102 
2019-09-07 23:00:35, 192.168.0.102 
2019-09-07 23:15:43, 192.168.0.102 
2019-09-07 23:25:15, 192.168.0.102 
2019-09-07 23:45:04, 192.168.0.102 
2019-09-08 00:25:00, 192.168.0.102 
2019-09-08 04:15:02, 192.168.0.102 
2019-09-08 04:15:02, 192.168.0.102 
2019-09-08 04:15:02, 192.168.0.102 
2019-09-08 04:15:02, 192.168.0.102 
2019-09-08 04:15:02, 192.168.0.102 
2019-09-08 04:15:02, 192.168.0.102 
2019-09-08 04:15:02, 192.168.0.102 
2019-09-08 04:15:02, 192.168.0.102 
2019-09-08 04:15:02, 192.168.0.102 
2019-09-08 04:15:02, 192.168.0.102 
2019-09-08 04:15:02, 192.168.0.102 
2019-09-08 04:15:02, 192.168.0.102 
2019-09-08 04:15:02, 192.168.0.102 
2019-09-08 04:15:02, 192.168.0.102 
2019-09-08 04:15:02, 192.168.0.102 
2019-09-08 04:15:02, 192.168.0.102 
2019-09-08 04:15:02, 192.168.0.102 
2019-09-08 04:15:02, 192.168.0.102 
2019-09-08 04:15:02, 192.168.0.102 
2019-09-08 04:15:02, 192.168.0.102 
2019-09-08 04:15:02, 192.168.0.102 
2019-09-08 04:15:02, 192.168.0.102 
2019-09-08 04:15:03, 192.168.0.102 
2019-09-08 03:44:06, 192.168.0.102 
2019-09-08 04:21:00, 192.168.0.102 
2019-09-08 04:30:51, 192.168.0.102 
2019-09-08 04:41:21, 192.168.0.102 
2019-09-08 04:50:35, 192.168.0.102 
2019-09-08 05:00:39, 192.168.0.102 
2019-09-08 05:13:07, 192.168.0.102 
2019-09-08 05:22:10, 192.168.0.102 
2019-09-08 05:33:08, 192.168.0.102 
2019-09-08 05:42:58, 192.168.0.102 
2019-09-08 05:53:58, 192.168.0.102 
2019-09-08 06:02:12, 192.168.0.102 
2019-09-08 06:15:54, 192.168.0.102 
2019-09-08 06:24:06, 192.168.0.102 
2019-09-08 06:33:57, 192.168.0.102 
2019-09-08 06:49:27, 192.168.0.102 
2019-09-08 06:59:01, 192.168.0.102 
2019-09-08 07:03:31, 192.168.0.102 
2019-09-08 07:17:45, 192.168.0.102 
2019-09-08 07:25:36, 192.168.0.102 
2019-09-08 08:01:42, 192.168.0.102 
2019-09-08 07:59:29, 192.168.0.102 
2019-09-08 08:00:16, 192.168.0.102 
2019-09-08 08:05:44, 192.168.0.102 
2019-09-08 09:43:49, 192.168.0.102 
2019-09-08 12:14:08, 192.168.0.102 
2019-09-08 12:14:08, 192.168.0.102 
2019-09-08 12:14:08, 192.168.0.102 
2019-09-08 12:14:08, 192.168.0.102 
2019-09-08 12:14:08, 192.168.0.102 
2019-09-08 12:14:08, 192.168.0.102 
2019-09-08 12:14:07, 192.168.0.102 
2019-09-08 12:14:08, 192.168.0.102 
2019-09-08 12:14:07, 192.168.0.102 
2019-09-08 12:14:08, 192.168.0.102 
2019-09-08 12:14:08, 192.168.0.102 
2019-09-08 12:14:07, 192.168.0.102 
2019-09-08 12:14:08, 192.168.0.102 
2019-09-08 12:14:08, 192.168.0.102 
2019-09-08 12:14:08, 192.168.0.102 
2019-09-08 12:14:08, 192.168.0.102 
2019-09-08 12:14:07, 192.168.0.102 
2019-09-08 12:14:08, 192.168.0.102 
2019-09-08 12:14:08, 192.168.0.102 
2019-09-08 12:14:08, 192.168.0.102 
2019-09-08 12:14:07, 192.168.0.102 
2019-09-08 12:14:07, 192.168.0.102 
2019-09-08 12:14:08, 192.168.0.102 
2019-09-08 12:14:07, 192.168.0.102 
2019-09-08 12:20:36, 192.168.0.102 
2019-09-08 12:30:08, 192.168.0.102 
2019-09-08 12:40:50, 192.168.0.102 
2019-09-08 12:50:11, 192.168.0.102 
2019-09-08 13:00:50, 192.168.0.102 
2019-09-08 13:11:01, 192.168.0.102 
2019-09-08 13:20:11, 192.168.0.102 
2019-09-08 13:30:06, 192.168.0.102 
2019-09-08 13:40:51, 192.168.0.102 
2019-09-08 13:50:42, 192.168.0.102 
2019-09-08 14:00:45, 192.168.0.102 
2019-09-08 14:10:37, 192.168.0.102 
2019-09-08 14:20:46, 192.168.0.102 
2019-09-08 14:30:43, 192.168.0.102 
2019-09-08 14:40:30, 192.168.0.102 
2019-09-08 14:50:50, 192.168.0.102 
2019-09-08 15:00:57, 192.168.0.102 
2019-09-08 15:10:44, 192.168.0.102 
2019-09-08 15:20:28, 192.168.0.102 
2019-09-08 15:31:22, 192.168.0.102 
2019-09-08 15:40:58, 192.168.0.102 
2019-09-08 15:51:03, 192.168.0.102 
2019-09-08 16:01:01, 192.168.0.102 
2019-09-08 16:11:00, 192.168.0.102 
2019-09-08 16:23:24, 192.168.0.102 
2019-09-08 16:31:44, 192.168.0.102 
2019-09-08 16:41:07, 192.168.0.102 
2019-09-08 16:55:12, 192.168.0.102 
2019-09-08 17:04:29, 192.168.0.102 
2019-09-08 17:16:56, 192.168.0.102 
2019-09-08 17:28:28, 192.168.0.102 
2019-09-08 17:36:43, 192.168.0.102 
2019-09-08 17:45:16, 192.168.0.102 
2019-09-08 17:53:36, 192.168.0.102 
2019-09-08 18:07:08, 192.168.0.102 
2019-09-08 18:16:30, 192.168.0.102 
2019-09-08 18:24:10, 192.168.0.102 
2019-09-08 18:33:45, 192.168.0.102 
2019-09-08 18:42:58, 192.168.0.102 
2019-09-08 19:05:39, 192.168.0.102 
2019-09-08 19:05:59, 192.168.0.102 
2019-09-08 19:11:14, 192.168.0.102 
2019-09-08 19:24:37, 192.168.0.102 
2019-09-08 19:32:18, 192.168.0.102 
2019-09-08 19:45:29, 192.168.0.102 
2019-09-08 20:04:49, 192.168.0.102 
2019-09-08 20:15:02, 192.168.0.102 
2019-09-08 20:21:31, 192.168.0.102 
2019-09-08 20:46:33, 192.168.0.102 
2019-09-08 21:06:46, 192.168.0.102 
2019-09-08 21:18:28, 192.168.0.102 
2019-09-08 21:24:02, 192.168.0.102 
2019-09-08 21:34:18, 192.168.0.102 
2019-09-08 21:46:02, 192.168.0.102 
2019-09-08 21:56:28, 192.168.0.102 
2019-09-08 22:09:46, 192.168.0.102 
2019-09-08 22:12:06, 192.168.0.102 
2019-09-08 22:24:54, 192.168.0.102 
2019-09-08 22:37:53, 192.168.0.102 
2019-09-08 22:41:58, 192.168.0.102 
2019-09-08 22:56:54, 192.168.0.102 
2019-09-08 23:07:46, 192.168.0.102 
2019-09-08 23:17:44, 192.168.0.102 
2019-09-08 23:24:34, 192.168.0.102 
2019-09-09 02:09:09, 192.168.0.102 
2019-09-09 02:09:09, 192.168.0.102 
2019-09-09 02:09:09, 192.168.0.102 
2019-09-09 02:09:09, 192.168.0.102 
2019-09-09 02:09:09, 192.168.0.102 
2019-09-09 02:09:09, 192.168.0.102 
2019-09-09 02:09:09, 192.168.0.102 
2019-09-09 02:09:09, 192.168.0.102 
2019-09-09 02:09:09, 192.168.0.102 
2019-09-09 02:09:09, 192.168.0.102 
2019-09-09 02:09:09, 192.168.0.102 
2019-09-09 02:09:09, 192.168.0.102 
2019-09-09 02:09:09, 192.168.0.102 
2019-09-09 02:09:09, 192.168.0.102 
2019-09-09 02:09:09, 192.168.0.102 
2019-09-09 02:09:09, 192.168.0.102 
2019-09-09 02:10:02, 192.168.0.102 
2019-09-09 02:22:32, 192.168.0.102 
2019-09-09 02:31:47, 192.168.0.102 
2019-09-09 02:41:22, 192.168.0.102 
2019-09-09 02:50:51, 192.168.0.102 
2019-09-09 03:01:10, 192.168.0.102 
2019-09-09 03:14:05, 192.168.0.102 
2019-09-09 03:21:49, 192.168.0.102 
2019-09-09 03:30:37, 192.168.0.102 
2019-09-09 03:40:31, 192.168.0.102 
2019-09-09 03:50:36, 192.168.0.102 
2019-09-09 04:00:39, 192.168.0.102 
2019-09-09 04:11:29, 192.168.0.102 
2019-09-09 04:20:44, 192.168.0.102 
2019-09-09 04:31:33, 192.168.0.102 
2019-09-09 04:42:11, 192.168.0.102 
2019-09-09 04:51:19, 192.168.0.102 
2019-09-09 05:06:00, 192.168.0.102 
2019-09-09 05:11:19, 192.168.0.102 
2019-09-09 05:22:12, 192.168.0.102 
2019-09-09 05:32:57, 192.168.0.102 
2019-09-09 05:51:55, 192.168.0.102 
2019-09-09 08:19:53, 192.168.0.102 
2019-09-09 08:19:53, 192.168.0.102 
2019-09-09 08:19:53, 192.168.0.102 
2019-09-09 08:19:53, 192.168.0.102 
2019-09-09 08:19:53, 192.168.0.102 
2019-09-09 08:19:53, 192.168.0.102 
2019-09-09 08:19:53, 192.168.0.102 
2019-09-09 08:19:53, 192.168.0.102 
2019-09-09 08:19:53, 192.168.0.102 
2019-09-09 08:19:53, 192.168.0.102 
2019-09-09 08:19:53, 192.168.0.102 
2019-09-09 08:19:53, 192.168.0.102 
2019-09-09 08:19:53, 192.168.0.102 
2019-09-09 08:19:53, 192.168.0.102 
2019-09-09 08:20:02, 192.168.0.102 
2019-09-09 08:30:38, 192.168.0.102 
2019-09-09 08:42:33, 192.168.0.102 
2019-09-09 08:50:33, 192.168.0.102 
2019-09-09 09:01:23, 192.168.0.102 
2019-09-09 09:10:45, 192.168.0.102 
2019-09-09 09:20:35, 192.168.0.102 
2019-09-09 09:30:35, 192.168.0.102 
2019-09-09 09:44:05, 192.168.0.102 
2019-09-09 09:50:31, 192.168.0.102 
2019-09-09 10:01:05, 192.168.0.102 
2019-09-09 10:10:37, 192.168.0.102 
2019-09-09 10:20:40, 192.168.0.102 
2019-09-09 10:31:16, 192.168.0.102 
2019-09-09 10:40:49, 192.168.0.102 
2019-09-09 10:50:42, 192.168.0.102 
2019-09-09 11:20:29, 192.168.0.102 
2019-09-09 11:20:03, 192.168.0.102 
2019-09-09 11:36:10, 192.168.0.102 
2019-09-09 11:41:12, 192.168.0.102 
2019-09-09 11:51:57, 192.168.0.102 
2019-09-09 12:08:04, 192.168.0.102 
2019-09-09 14:41:35, 192.168.0.102 
2019-09-09 14:41:35, 192.168.0.102 
2019-09-09 14:41:35, 192.168.0.102 
2019-09-09 14:41:35, 192.168.0.102 
2019-09-09 14:41:35, 192.168.0.102 
2019-09-09 14:41:35, 192.168.0.102 
2019-09-09 14:41:35, 192.168.0.102 
2019-09-09 14:41:35, 192.168.0.102 
2019-09-09 14:41:35, 192.168.0.102 
2019-09-09 14:41:35, 192.168.0.102 
2019-09-09 14:41:35, 192.168.0.102 
2019-09-09 14:41:35, 192.168.0.102 
2019-09-09 14:41:35, 192.168.0.102 
2019-09-09 14:41:35, 192.168.0.102 
2019-09-09 14:31:15, 192.168.0.102 
2019-09-09 14:41:35, 192.168.0.102 
2019-09-09 14:51:06, 192.168.0.102 
2019-09-09 15:00:32, 192.168.0.102 
2019-09-09 15:10:11, 192.168.0.102 
2019-09-09 15:22:52, 192.168.0.102 
2019-09-09 15:31:29, 192.168.0.102 
2019-09-09 15:40:48, 192.168.0.102 
2019-09-09 15:50:52, 192.168.0.102 
2019-09-09 16:01:04, 192.168.0.102 
2019-09-09 16:10:49, 192.168.0.102 
2019-09-09 16:21:51, 192.168.0.102 
2019-09-09 16:30:57, 192.168.0.102 
2019-09-09 16:40:51, 192.168.0.102 
2019-09-09 16:51:18, 192.168.0.102 
2019-09-09 17:00:56, 192.168.0.102 
2019-09-09 17:10:52, 192.168.0.102 
2019-09-09 17:21:34, 192.168.0.102 
2019-09-09 17:37:54, 192.168.0.102 
2019-09-09 17:43:43, 192.168.0.102 
2019-09-09 17:51:07, 192.168.0.102 
2019-09-09 18:05:56, 192.168.0.102 
2019-09-09 18:16:19, 192.168.0.102 
2019-09-09 18:25:19, 192.168.0.102 
2019-09-09 18:39:38, 192.168.0.102 
2019-09-09 18:40:59, 192.168.0.102 
2019-09-09 19:01:22, 192.168.0.102 
2019-09-09 19:04:57, 192.168.0.102 
2019-09-09 19:17:30, 192.168.0.102 
2019-09-09 19:29:40, 192.168.0.102 
2019-09-09 19:33:34, 192.168.0.102 
2019-09-09 19:41:57, 192.168.0.102 
2019-09-09 19:52:15, 192.168.0.102 
2019-09-09 20:06:13, 192.168.0.102 
2019-09-09 20:11:19, 192.168.0.102 
2019-09-09 20:46:23, 192.168.0.102 
2019-09-09 20:52:50, 192.168.0.102 
2019-09-09 21:01:19, 192.168.0.102 
2019-09-09 21:17:43, 192.168.0.102 
2019-09-09 21:26:14, 192.168.0.102 
2019-09-09 21:34:52, 192.168.0.102 
2019-09-09 21:43:55, 192.168.0.102 
2019-09-09 21:56:25, 192.168.0.102 
2019-09-09 22:06:41, 192.168.0.102 
2019-09-09 22:23:36, 192.168.0.102 
2019-09-09 22:30:50, 192.168.0.102 
2019-09-09 22:31:49, 192.168.0.102 
2019-09-09 22:59:18, 192.168.0.102 
2019-09-09 23:09:22, 192.168.0.102 
2019-09-09 23:23:55, 192.168.0.102 
2019-09-09 23:31:37, 192.168.0.102 
2019-09-09 23:33:40, 192.168.0.102 
2019-09-10 03:07:40, 192.168.0.102 
2019-09-10 03:07:40, 192.168.0.102 
2019-09-10 03:07:40, 192.168.0.102 
2019-09-10 03:07:40, 192.168.0.102 
2019-09-10 03:07:40, 192.168.0.102 
2019-09-10 03:07:40, 192.168.0.102 
2019-09-10 03:07:40, 192.168.0.102 
2019-09-10 03:07:40, 192.168.0.102 
2019-09-10 03:07:40, 192.168.0.102 
2019-09-10 03:07:40, 192.168.0.102 
2019-09-10 03:07:40, 192.168.0.102 
2019-09-10 03:07:40, 192.168.0.102 
2019-09-10 03:07:40, 192.168.0.102 
2019-09-10 03:07:40, 192.168.0.102 
2019-09-10 03:07:40, 192.168.0.102 
2019-09-10 03:07:40, 192.168.0.102 
2019-09-10 03:07:40, 192.168.0.102 
2019-09-10 03:07:40, 192.168.0.102 
2019-09-10 03:07:40, 192.168.0.102 
2019-09-10 03:07:40, 192.168.0.102 
2019-09-10 03:07:40, 192.168.0.102 
2019-09-10 03:14:04, 192.168.0.102 
2019-09-10 03:20:51, 192.168.0.102 
2019-09-10 03:31:08, 192.168.0.102 
2019-09-10 03:41:22, 192.168.0.102 
2019-09-10 03:51:16, 192.168.0.102 
2019-09-10 04:04:09, 192.168.0.102 
2019-09-10 04:14:11, 192.168.0.102 
2019-09-10 04:21:16, 192.168.0.102 
2019-09-10 04:31:17, 192.168.0.102 
2019-09-10 04:40:17, 192.168.0.102 
2019-09-10 04:50:40, 192.168.0.102 
2019-09-10 05:00:44, 192.168.0.102 
2019-09-10 05:10:59, 192.168.0.102 
2019-09-10 05:20:34, 192.168.0.102 
2019-09-10 05:30:32, 192.168.0.102 
2019-09-10 05:40:48, 192.168.0.102 
2019-09-10 05:50:52, 192.168.0.102 
2019-09-10 06:01:27, 192.168.0.102 
2019-09-10 06:12:24, 192.168.0.102 
2019-09-10 06:26:37, 192.168.0.102 
2019-09-10 06:36:32, 192.168.0.102 
2019-09-10 06:47:06, 192.168.0.102 
2019-09-10 07:02:59, 192.168.0.102 
2019-09-10 07:18:17, 192.168.0.102 
2019-09-10 07:29:36, 192.168.0.102 
2019-09-10 07:38:09, 192.168.0.102 
2019-09-10 07:43:30, 192.168.0.102 
2019-09-10 07:58:24, 192.168.0.102 
2019-09-10 08:05:34, 192.168.0.102 
2019-09-10 08:17:02, 192.168.0.102 
2019-09-10 08:27:25, 192.168.0.102 
2019-09-10 08:40:01, 192.168.0.102 
2019-09-10 08:50:40, 192.168.0.102 
2019-09-10 08:56:55, 192.168.0.102 
2019-09-10 09:11:14, 192.168.0.102 
2019-09-10 12:36:21, 192.168.0.102 
2019-09-10 12:36:21, 192.168.0.102 
2019-09-10 12:36:21, 192.168.0.102 
2019-09-10 12:36:21, 192.168.0.102 
2019-09-10 12:36:21, 192.168.0.102 
2019-09-10 12:36:21, 192.168.0.102 
2019-09-10 12:36:21, 192.168.0.102 
2019-09-10 12:36:21, 192.168.0.102 
2019-09-10 12:36:21, 192.168.0.102 
2019-09-10 12:36:21, 192.168.0.102 
2019-09-10 12:36:21, 192.168.0.102 
2019-09-10 12:36:21, 192.168.0.102 
2019-09-10 12:36:21, 192.168.0.102 
2019-09-10 12:36:21, 192.168.0.102 
2019-09-10 12:36:21, 192.168.0.102 
2019-09-10 12:36:21, 192.168.0.102 
2019-09-10 12:36:21, 192.168.0.102 
2019-09-10 12:36:21, 192.168.0.102 
2019-09-10 12:36:21, 192.168.0.102 
2019-09-10 12:36:21, 192.168.0.102 
2019-09-10 12:36:21, 192.168.0.102 
2019-09-10 12:36:21, 192.168.0.102 
2019-09-10 12:40:02, 192.168.0.102 
2019-09-10 12:50:01, 192.168.0.102 
2019-09-10 13:03:27, 192.168.0.102 
2019-09-10 13:10:22, 192.168.0.102 
2019-09-10 13:20:47, 192.168.0.102 
2019-09-10 13:31:06, 192.168.0.102 
2019-09-10 13:42:10, 192.168.0.102 
2019-09-10 13:50:56, 192.168.0.102 
2019-09-10 14:00:33, 192.168.0.102 
2019-09-10 14:10:43, 192.168.0.102 
2019-09-10 14:21:09, 192.168.0.102 
2019-09-10 14:32:57, 192.168.0.102 
2019-09-10 14:51:53, 192.168.0.102 
2019-09-10 14:52:39, 192.168.0.102 
2019-09-10 15:01:16, 192.168.0.102 
2019-09-10 15:16:57, 192.168.0.102 
2019-09-10 15:25:29, 192.168.0.102 
2019-09-10 15:36:38, 192.168.0.102 
2019-09-10 15:40:53, 192.168.0.102 
2019-09-10 15:52:56, 192.168.0.102 
2019-09-10 16:04:24, 192.168.0.102 
2019-09-10 16:11:57, 192.168.0.102 
2019-09-10 16:26:55, 192.168.0.102 
2019-09-10 16:37:41, 192.168.0.102 
2019-09-10 16:46:15, 192.168.0.102 
2019-09-10 16:56:41, 192.168.0.102 
2019-09-10 17:11:44, 192.168.0.102 
2019-09-10 17:17:05, 192.168.0.102 
2019-09-10 17:47:43, 192.168.0.102 
2019-09-10 18:02:12, 192.168.0.102 
2019-09-10 18:08:10, 192.168.0.102 
2019-09-10 23:19:53, 192.168.0.102 
2019-09-10 23:19:53, 192.168.0.102 
2019-09-10 23:19:53, 192.168.0.102 
2019-09-10 23:19:53, 192.168.0.102 
2019-09-10 23:07:41, 192.168.0.102 
2019-09-10 23:19:53, 192.168.0.102 
2019-09-10 23:09:10, 192.168.0.102 
2019-09-10 23:07:41, 192.168.0.102 
2019-09-10 23:09:10, 192.168.0.102 
2019-09-10 23:15:05, 192.168.0.102 
2019-09-10 23:08:36, 192.168.0.102 
2019-09-10 23:19:53, 192.168.0.102 
2019-09-10 23:15:05, 192.168.0.102 
2019-09-10 23:07:41, 192.168.0.102 
2019-09-10 23:19:53, 192.168.0.102 
2019-09-10 23:19:53, 192.168.0.102 
2019-09-10 23:19:53, 192.168.0.102 
2019-09-10 23:19:53, 192.168.0.102 
2019-09-10 23:19:53, 192.168.0.102 
2019-09-10 23:19:53, 192.168.0.102 
2019-09-10 23:19:53, 192.168.0.102 
2019-09-10 23:08:36, 192.168.0.102 
2019-09-10 23:19:53, 192.168.0.102 
2019-09-10 23:19:53, 192.168.0.102 
2019-09-10 23:19:53, 192.168.0.102 
2019-09-10 23:19:53, 192.168.0.102 
2019-09-10 23:19:53, 192.168.0.102 
2019-09-10 23:19:53, 192.168.0.102 
2019-09-10 23:19:53, 192.168.0.102 
2019-09-10 23:19:53, 192.168.0.102 
2019-09-10 23:19:53, 192.168.0.102 
2019-09-10 23:20:02, 192.168.0.102 
2019-09-10 23:31:50, 192.168.0.102 
2019-09-10 23:40:40, 192.168.0.102 
2019-09-10 23:52:08, 192.168.0.102 
2019-09-11 00:00:58, 192.168.0.102 
2019-09-11 00:11:13, 192.168.0.102 
2019-09-11 00:22:09, 192.168.0.102 
2019-09-11 00:30:42, 192.168.0.102 
2019-09-11 00:40:49, 192.168.0.102 
2019-09-11 00:50:52, 192.168.0.102 
2019-09-11 01:00:37, 192.168.0.102 
2019-09-11 01:10:51, 192.168.0.102 
2019-09-11 01:20:38, 192.168.0.102 
2019-09-11 01:30:28, 192.168.0.102 
2019-09-11 01:40:40, 192.168.0.102 
2019-09-11 01:50:45, 192.168.0.102 
2019-09-11 02:00:56, 192.168.0.102 
2019-09-11 02:11:05, 192.168.0.102 
2019-09-11 02:20:38, 192.168.0.102 
2019-09-11 02:30:59, 192.168.0.102 
2019-09-11 02:42:14, 192.168.0.102 
2019-09-11 02:52:50, 192.168.0.102 
2019-09-11 03:02:28, 192.168.0.102 
2019-09-11 03:15:25, 192.168.0.102 
2019-09-11 03:28:03, 192.168.0.102 
2019-09-11 03:34:07, 192.168.0.102 
2019-09-11 03:46:32, 192.168.0.102 
2019-09-11 03:57:53, 192.168.0.102 
2019-09-11 04:05:56, 192.168.0.102 
2019-09-11 04:16:31, 192.168.0.102 
2019-09-11 04:31:28, 192.168.0.102 
2019-09-11 04:40:01, 192.168.0.102 
2019-09-11 05:06:00, 192.168.0.102 
2019-09-11 05:08:47, 192.168.0.102 
2019-09-11 05:06:49, 192.168.0.102 
2019-09-11 06:11:36, 192.168.0.102 
2019-09-11 07:54:59, 192.168.0.102 
2019-09-11 10:19:32, 192.168.0.102 
2019-09-11 10:19:35, 192.168.0.102 
2019-09-11 10:19:32, 192.168.0.102 
2019-09-11 10:19:32, 192.168.0.102 
2019-09-11 10:19:32, 192.168.0.102 
2019-09-11 10:19:32, 192.168.0.102 
2019-09-11 10:19:32, 192.168.0.102 
2019-09-11 10:19:32, 192.168.0.102 
2019-09-11 10:19:32, 192.168.0.102 
2019-09-11 10:19:32, 192.168.0.102 
2019-09-11 10:19:32, 192.168.0.102 
2019-09-11 10:19:32, 192.168.0.102 
2019-09-11 10:19:32, 192.168.0.102 
2019-09-11 10:19:32, 192.168.0.102 
2019-09-11 10:19:32, 192.168.0.102 
2019-09-11 10:19:32, 192.168.0.102 
2019-09-11 10:19:32, 192.168.0.102 
2019-09-11 10:19:32, 192.168.0.102 
2019-09-11 10:19:32, 192.168.0.102 
2019-09-11 10:19:32, 192.168.0.102 
2019-09-11 10:19:32, 192.168.0.102 
2019-09-11 10:19:32, 192.168.0.102 
2019-09-11 10:19:35, 192.168.0.102 
2019-09-11 10:19:35, 192.168.0.102 
2019-09-11 10:19:32, 192.168.0.102 
2019-09-11 10:19:35, 192.168.0.102 
2019-09-11 10:19:35, 192.168.0.102 
2019-09-11 10:19:32, 192.168.0.102 
2019-09-11 10:20:01, 192.168.0.102 
2019-09-11 10:31:46, 192.168.0.102 
2019-09-11 10:41:43, 192.168.0.102 
2019-09-11 10:50:58, 192.168.0.102 
2019-09-11 11:01:17, 192.168.0.102 
2019-09-11 11:10:17, 192.168.0.102 
2019-09-11 11:20:02, 192.168.0.102 
2019-09-11 11:31:32, 192.168.0.102 
2019-09-11 11:41:09, 192.168.0.102 
2019-09-11 11:50:49, 192.168.0.102 
2019-09-11 12:00:27, 192.168.0.102 
2019-09-11 12:12:51, 192.168.0.102 
2019-09-11 12:20:38, 192.168.0.102 
2019-09-11 12:34:40, 192.168.0.102 
2019-09-11 12:40:47, 192.168.0.102 
2019-09-11 12:50:36, 192.168.0.102 
2019-09-11 13:01:19, 192.168.0.102 
2019-09-11 13:14:22, 192.168.0.102 
2019-09-11 13:22:49, 192.168.0.102 
2019-09-11 13:37:00, 192.168.0.102 
2019-09-11 13:44:59, 192.168.0.102 
2019-09-11 13:57:36, 192.168.0.102 
2019-09-11 14:06:06, 192.168.0.102 
2019-09-11 14:16:15, 192.168.0.102 
2019-09-11 14:22:26, 192.168.0.102 
2019-09-11 14:38:22, 192.168.0.102 
2019-09-11 15:06:40, 192.168.0.102 
2019-09-11 15:14:12, 192.168.0.102 
2019-09-11 15:27:20, 192.168.0.102 
2019-09-11 15:39:40, 192.168.0.102 
2019-09-11 15:52:06, 192.168.0.102 
2019-09-11 19:54:10, 192.168.0.102 
2019-09-11 19:54:10, 192.168.0.102 
2019-09-11 19:54:11, 192.168.0.102 
2019-09-11 19:54:11, 192.168.0.102 
2019-09-11 19:54:10, 192.168.0.102 
2019-09-11 19:54:10, 192.168.0.102 
2019-09-11 19:54:10, 192.168.0.102 
2019-09-11 19:54:10, 192.168.0.102 
2019-09-11 19:54:10, 192.168.0.102 
2019-09-11 19:54:10, 192.168.0.102 
2019-09-11 19:54:11, 192.168.0.102 
2019-09-11 19:54:11, 192.168.0.102 
2019-09-11 19:54:10, 192.168.0.102 
2019-09-11 19:54:10, 192.168.0.102 
2019-09-11 19:54:10, 192.168.0.102 
2019-09-11 19:54:10, 192.168.0.102 
2019-09-11 19:54:10, 192.168.0.102 
2019-09-11 19:54:10, 192.168.0.102 
2019-09-11 19:54:10, 192.168.0.102 
2019-09-11 19:54:10, 192.168.0.102 
2019-09-11 19:54:10, 192.168.0.102 
2019-09-11 19:54:11, 192.168.0.102 
2019-09-11 19:54:10, 192.168.0.102 
2019-09-11 19:54:10, 192.168.0.102 
2019-09-11 19:54:10, 192.168.0.102 
2019-09-11 20:00:37, 192.168.0.102 
2019-09-11 20:10:13, 192.168.0.102 
2019-09-11 20:20:26, 192.168.0.102 
2019-09-11 20:30:16, 192.168.0.102 
2019-09-11 20:41:20, 192.168.0.102 
2019-09-11 20:55:49, 192.168.0.102 
2019-09-11 21:00:43, 192.168.0.102 
2019-09-11 21:11:03, 192.168.0.102 
2019-09-11 21:20:33, 192.168.0.102 
2019-09-11 21:30:47, 192.168.0.102 
2019-09-11 21:41:07, 192.168.0.102 
2019-09-11 21:50:44, 192.168.0.102 
2019-09-11 22:00:22, 192.168.0.102 
2019-09-11 22:10:22, 192.168.0.102 
2019-09-11 22:20:24, 192.168.0.102 
2019-09-11 22:33:12, 192.168.0.102 
2019-09-11 22:40:29, 192.168.0.102 
2019-09-11 22:50:30, 192.168.0.102 
2019-09-11 23:00:41, 192.168.0.102 
2019-09-11 23:10:47, 192.168.0.102 
2019-09-11 23:21:24, 192.168.0.102 
2019-09-11 23:40:58, 192.168.0.102 
2019-09-11 23:49:43, 192.168.0.102 
2019-09-11 23:57:00, 192.168.0.102 
2019-09-12 00:02:56, 192.168.0.102 
2019-09-12 00:14:22, 192.168.0.102 
2019-09-12 00:27:26, 192.168.0.102 
2019-09-12 00:35:30, 192.168.0.102 
2019-09-12 00:42:23, 192.168.0.102 
2019-09-12 00:55:47, 192.168.0.102 
2019-09-12 01:02:38, 192.168.0.102 
2019-09-12 01:14:49, 192.168.0.102 
2019-09-12 01:28:29, 192.168.0.102 
2019-09-12 01:42:32, 192.168.0.102 
2019-09-12 01:51:24, 192.168.0.102 
2019-09-12 01:58:04, 192.168.0.102 
2019-09-12 02:06:15, 192.168.0.102 
2019-09-12 02:32:42, 192.168.0.102 
2019-09-12 05:26:51, 192.168.0.102 
2019-09-12 06:03:05, 192.168.0.102 
2019-09-12 06:03:05, 192.168.0.102 
2019-09-12 06:03:05, 192.168.0.102 
2019-09-12 06:03:05, 192.168.0.102 
2019-09-12 06:03:05, 192.168.0.102 
2019-09-12 06:03:05, 192.168.0.102 
2019-09-12 06:03:05, 192.168.0.102 
2019-09-12 06:03:05, 192.168.0.102 
2019-09-12 06:03:05, 192.168.0.102 
2019-09-12 06:03:05, 192.168.0.102 
2019-09-12 06:03:05, 192.168.0.102 
2019-09-12 06:03:05, 192.168.0.102 
2019-09-12 06:03:05, 192.168.0.102 
2019-09-12 06:03:05, 192.168.0.102 
2019-09-12 06:03:05, 192.168.0.102 
2019-09-12 06:03:05, 192.168.0.102 
2019-09-12 06:03:05, 192.168.0.102 
2019-09-12 06:03:05, 192.168.0.102 
2019-09-12 06:03:05, 192.168.0.102 
2019-09-12 06:03:05, 192.168.0.102 
2019-09-12 06:03:05, 192.168.0.102 
2019-09-12 06:03:05, 192.168.0.102 
2019-09-12 06:10:02, 192.168.0.102 
2019-09-12 06:20:09, 192.168.0.102 
2019-09-12 06:30:28, 192.168.0.102 
2019-09-12 06:40:47, 192.168.0.102 
2019-09-12 06:50:02, 192.168.0.102 
2019-09-12 07:00:45, 192.168.0.102 
2019-09-12 07:10:06, 192.168.0.102 
2019-09-12 07:20:18, 192.168.0.102 
2019-09-12 07:30:04, 192.168.0.102 
2019-09-12 07:40:36, 192.168.0.102 
2019-09-12 07:50:25, 192.168.0.102 
2019-09-12 08:00:43, 192.168.0.102 
2019-09-12 08:10:55, 192.168.0.102 
2019-09-12 08:20:39, 192.168.0.102 
2019-09-12 08:30:59, 192.168.0.102 
2019-09-12 08:40:34, 192.168.0.102 
2019-09-12 08:50:27, 192.168.0.102 
2019-09-12 09:00:40, 192.168.0.102 
2019-09-12 09:10:44, 192.168.0.102 
2019-09-12 09:20:31, 192.168.0.102 
2019-09-12 09:30:36, 192.168.0.102 
2019-09-12 09:40:51, 192.168.0.102 
2019-09-12 09:50:37, 192.168.0.102 
2019-09-12 10:00:36, 192.168.0.102 
2019-09-12 10:10:30, 192.168.0.102 
2019-09-12 10:21:30, 192.168.0.102 
2019-09-12 10:30:46, 192.168.0.102 
2019-09-12 10:40:32, 192.168.0.102 
2019-09-12 10:50:32, 192.168.0.102 
2019-09-12 11:00:46, 192.168.0.102 
2019-09-12 11:10:38, 192.168.0.102 
2019-09-12 11:20:05, 192.168.0.102 
2019-09-12 11:30:36, 192.168.0.102 
2019-09-12 11:40:39, 192.168.0.102 
2019-09-12 11:50:35, 192.168.0.102 
2019-09-12 12:00:32, 192.168.0.102 
2019-09-12 12:10:41, 192.168.0.102 
2019-09-12 12:21:12, 192.168.0.102 
2019-09-12 12:30:56, 192.168.0.102 
2019-09-12 12:40:43, 192.168.0.102 
2019-09-12 12:50:03, 192.168.0.102 
2019-09-12 13:00:33, 192.168.0.102 
2019-09-12 13:10:38, 192.168.0.102 
2019-09-12 13:20:49, 192.168.0.102 
2019-09-12 13:33:10, 192.168.0.102 
2019-09-12 13:40:41, 192.168.0.102 
2019-09-12 13:50:42, 192.168.0.102 
2019-09-12 14:00:36, 192.168.0.102 
2019-09-12 14:10:31, 192.168.0.102 
2019-09-12 14:20:33, 192.168.0.102 
2019-09-12 14:30:49, 192.168.0.102 
2019-09-12 14:40:28, 192.168.0.102 
2019-09-12 14:50:33, 192.168.0.102 
2019-09-12 15:00:36, 192.168.0.102 
2019-09-12 15:10:22, 192.168.0.102 
2019-09-12 15:20:54, 192.168.0.102 
2019-09-12 15:30:38, 192.168.0.102 
2019-09-12 15:41:12, 192.168.0.102 
2019-09-12 15:50:47, 192.168.0.102 
2019-09-12 16:00:48, 192.168.0.102 
2019-09-12 16:10:33, 192.168.0.102 
2019-09-12 16:20:40, 192.168.0.102 
2019-09-12 16:31:39, 192.168.0.102 
2019-09-12 16:41:37, 192.168.0.102 
2019-09-12 16:50:32, 192.168.0.102 
2019-09-12 17:00:37, 192.168.0.102 
2019-09-12 17:10:45, 192.168.0.102 
2019-09-12 17:20:36, 192.168.0.102 
2019-09-12 17:30:50, 192.168.0.102 
2019-09-12 17:40:32, 192.168.0.102 
2019-09-12 17:50:40, 192.168.0.102 
2019-09-12 18:00:33, 192.168.0.102 
2019-09-12 18:10:31, 192.168.0.102 
2019-09-12 18:20:27, 192.168.0.102 
2019-09-12 18:30:31, 192.168.0.102 
2019-09-12 18:40:33, 192.168.0.102 
2019-09-12 18:50:41, 192.168.0.102 
2019-09-12 19:00:35, 192.168.0.102 
2019-09-12 19:10:54, 192.168.0.102 
2019-09-12 19:20:44, 192.168.0.102 
2019-09-12 19:30:40, 192.168.0.102 
2019-09-12 19:40:34, 192.168.0.102 
2019-09-12 19:50:43, 192.168.0.102 
2019-09-12 20:00:52, 192.168.0.102 
2019-09-12 20:10:36, 192.168.0.102 
2019-09-12 20:20:26, 192.168.0.102 
2019-09-12 20:30:49, 192.168.0.102 
2019-09-12 20:40:41, 192.168.0.102 
2019-09-12 20:50:37, 192.168.0.102 
2019-09-12 21:00:30, 192.168.0.102 
2019-09-12 21:10:51, 192.168.0.102 
2019-09-12 21:21:15, 192.168.0.102 
2019-09-12 21:33:58, 192.168.0.102 
2019-09-12 21:52:24, 192.168.0.102 
2019-09-12 21:56:32, 192.168.0.102 
2019-09-12 22:09:31, 192.168.0.102 
2019-09-12 22:17:03, 192.168.0.102 
2019-09-12 22:27:44, 192.168.0.102 
2019-09-12 22:39:25, 192.168.0.102 
2019-09-12 22:50:10, 192.168.0.102 
2019-09-12 23:01:56, 192.168.0.102 
2019-09-12 23:09:38, 192.168.0.102 
2019-09-13 01:50:36, 192.168.0.102 
2019-09-13 03:26:52, 192.168.0.102 
2019-09-13 03:26:52, 192.168.0.102 
2019-09-13 03:26:52, 192.168.0.102 
2019-09-13 03:26:52, 192.168.0.102 
2019-09-13 03:26:52, 192.168.0.102 
2019-09-13 03:26:52, 192.168.0.102 
2019-09-13 04:15:52, 192.168.0.102 
2019-09-13 04:15:52, 192.168.0.102 
2019-09-13 04:15:52, 192.168.0.102 
2019-09-13 04:15:53, 192.168.0.102 
2019-09-13 04:15:52, 192.168.0.102 
2019-09-13 04:15:53, 192.168.0.102 
2019-09-13 04:15:52, 192.168.0.102 
2019-09-13 04:15:52, 192.168.0.102 
2019-09-13 04:15:52, 192.168.0.102 
2019-09-13 04:15:52, 192.168.0.102 
2019-09-13 04:15:52, 192.168.0.102 
2019-09-13 04:15:52, 192.168.0.102 
2019-09-13 04:15:52, 192.168.0.102 
2019-09-13 04:15:52, 192.168.0.102 
2019-09-13 04:15:54, 192.168.0.102 
2019-09-13 04:15:54, 192.168.0.102 
2019-09-13 04:15:56, 192.168.0.102 
2019-09-13 04:15:58, 192.168.0.102 
2019-09-13 04:15:58, 192.168.0.102 
2019-09-13 04:15:58, 192.168.0.102 
2019-09-13 03:26:52, 192.168.0.102 
2019-09-13 04:15:59, 192.168.0.102 
2019-09-13 04:16:00, 192.168.0.102 
2019-09-13 04:15:59, 192.168.0.102 
2019-09-13 04:22:07, 192.168.0.102 
2019-09-13 04:31:30, 192.168.0.102 
2019-09-13 04:40:19, 192.168.0.102 
2019-09-13 04:50:53, 192.168.0.102 
2019-09-13 05:04:49, 192.168.0.102 
2019-09-13 05:10:51, 192.168.0.102 
2019-09-13 05:20:34, 192.168.0.102 
2019-09-13 05:30:48, 192.168.0.102 
2019-09-13 05:40:59, 192.168.0.102 
2019-09-13 05:50:33, 192.168.0.102 
2019-09-13 06:00:37, 192.168.0.102 
2019-09-13 06:10:46, 192.168.0.102 
2019-09-13 06:20:53, 192.168.0.102 
2019-09-13 06:31:04, 192.168.0.102 
2019-09-13 06:40:32, 192.168.0.102 
2019-09-13 06:53:21, 192.168.0.102 
2019-09-13 07:00:58, 192.168.0.102 
2019-09-13 07:11:20, 192.168.0.102 
2019-09-13 07:22:49, 192.168.0.102 
2019-09-13 07:32:39, 192.168.0.102 
2019-09-13 07:42:37, 192.168.0.102 
2019-09-13 07:51:26, 192.168.0.102 
2019-09-13 08:03:31, 192.168.0.102 
